{"cameraMode":{"drawMode":0,"name":"Shaded","section":"Shading Mode"},"sceneLighting":true,"audioPlay":false,"sceneViewState":{"m_AlwaysRefresh":true,"showFog":true,"showSkybox":false,"showFlares":true,"showImageEffects":true,"showParticleSystems":true,"showVisualEffectGraphs":true,"m_FxEnabled":true},"in2DMode":false,"pivot":{"x":-3.2765469551086427,"y":4.3753252029418949,"z":-0.8590552806854248},"rotation":{"x":0.12353507429361344,"y":0.21550752222537995,"z":-0.027497142553329469,"w":0.9682712554931641},"size":4.186516284942627,"orthographic":true}