{"cameraMode":{"drawMode":0,"name":"Shaded","section":"Shading Mode"},"sceneLighting":true,"audioPlay":false,"sceneViewState":{"m_AlwaysRefresh":true,"showFog":true,"showSkybox":false,"showFlares":true,"showImageEffects":true,"showParticleSystems":true,"showVisualEffectGraphs":true,"m_FxEnabled":true},"in2DMode":false,"pivot":{"x":-4.209474086761475,"y":2.0958871841430666,"z":-0.9316155910491943},"rotation":{"x":0.2091212123632431,"y":0.16773487627506257,"z":-0.03643504157662392,"w":0.9627116322517395},"size":5.157071590423584,"orthographic":true}