{"cameraMode":{"drawMode":0,"name":"Shaded","section":"Shading Mode"},"sceneLighting":true,"audioPlay":false,"sceneViewState":{"m_AlwaysRefresh":true,"showFog":true,"showSkybox":false,"showFlares":true,"showImageEffects":true,"showParticleSystems":true,"showVisualEffectGraphs":true,"m_FxEnabled":true},"in2DMode":false,"pivot":{"x":-4.209474086761475,"y":2.0958871841430666,"z":-0.9316155910491943},"rotation":{"x":0.11249342560768128,"y":-0.4737384021282196,"z":0.06116344779729843,"w":0.8713095784187317},"size":9.052411079406739,"orthographic":true}